<?xml version="1.0" encoding="UTF-8"?>
<project-private xmlns="http://www.netbeans.org/ns/project-private/1">
    <editor-bookmarks xmlns="http://www.netbeans.org/ns/editor-bookmarks/2" lastBookmarkId="0"/>
    <open-files xmlns="http://www.netbeans.org/ns/projectui-open-files/2">
        <group>
            <file>file:/F:/PerformanceEvaluation_Main%20Project/PROJECT/PerformanceEvaluation/web/HR/WorkAssign.jsp</file>
            <file>file:/F:/PerformanceEvaluation_Main%20Project/PROJECT/PerformanceEvaluation/web/HR/Specialization.jsp</file>
            <file>file:/F:/PerformanceEvaluation_Main%20Project/PROJECT/PerformanceEvaluation/web/HR/Technology.jsp</file>
        </group>
    </open-files>
</project-private>
